Numéro de Passeport;Nom;Prénom;Statut;Date d'enregistrement
FR0000001;Dupont;Jean;Enregistré;2024-11-01
FR0000002;Martin;Sophie;Enregistré;2024-11-01
FR0000003;Durand;Marc;Non enregistré;
FR0000004;Leroy;Claire;Enregistré;2024-11-01
FR0000005;Bernard;Lucie;Non enregistré;
FR0000006;Thomas;Alexandre;Enregistré;2024-11-02
FR0000007;Petit;Nathalie;Enregistré;2024-11-02
FR0000008;Lefebvre;Julien;Non enregistré;
FR0000009;Moreau;Emma;Enregistré;2024-11-02
FR0000010;Garnier;Chloé;Enregistré;2024-11-02
FR0000011;Fournier;Pierre;Enregistré;2024-11-03
FR0000012;Richard;Alice;Non enregistré;
FR0000013;Gauthier;Juliette;Enregistré;2024-11-03
FR0000014;Joly;Lucas;Enregistré;2024-11-03
FR0000015;Rousseau;Matthieu;Non enregistré;
FR0000016;Morin;Laura;Enregistré;2024-11-04
FR0000017;Adam;Jules;Non enregistré;
FR0000018;Barbier;Sonia;Enregistré;2024-11-04
FR0000019;Giraud;Victor;Enregistré;2024-11-05
FR0000020;Lemoine;Sarah;Non enregistré;
FR0000021;Jacquet;Léo;Enregistré;2024-11-05
FR0000022;Bernard;Théo;Enregistré;2024-11-05
FR0000023;Caron;Estelle;Non enregistré;
FR0000024;Renaud;Hugo;Enregistré;2024-11-06
FR0000025;Clement;Fiona;Enregistré;2024-11-06
FR0000026;Boucher;Mélanie;Non enregistré;
FR0000027;Collet;Romain;Enregistré;2024-11-07
FR0000028;Pichon;Camille;Non enregistré;
FR0000029;Benoit;Maxime;Enregistré;2024-11-07
FR0000030;Carpentier;Amélie;Enregistré;2024-11-08
FR0000031;Blanc;Antoine;Non enregistré;
FR0000032;Leroy;Sophie;Enregistré;2024-11-08
FR0000033;Giraud;Louise;Enregistré;2024-11-09
FR0000034;Joubert;Benjamin;Non enregistré;
FR0000035;Simon;Zoé;Enregistré;2024-11-09
FR0000036;Morel;Nicolas;Enregistré;2024-11-10
FR0000037;Sauvage;Inès;Non enregistré;
FR0000038;Renaud;Marion;Enregistré;2024-11-10
FR0000039;Lemoine;Chloé;Enregistré;2024-11-11
FR0000040;Vasseur;Victor;Non enregistré;
FR0000041;Faure;Alice;Enregistré;2024-11-11
FR0000042;Boyer;Martin;Enregistré;2024-11-12
FR0000043;Jean;Paul;Non enregistré;
FR0000044;Delattre;Léo;Enregistré;2024-11-12
FR0000045;Clement;Julie;Non enregistré;
FR0000046;Guillaume;Thibault;Enregistré;2024-11-13
FR0000047;David;Amandine;Enregistré;2024-11-13
FR0000048;Henry;Samuel;Non enregistré;
FR0000049;Gonçalves;Ana;Enregistré;2024-11-14
FR0000050;Masson;Antoine;Non enregistré;
FR0000051;Perrin;Fanny;Enregistré;2024-11-14
FR0000052;Meyer;Simon;Non enregistré;
FR0000053;Nicolas;Célia;Enregistré;2024-11-15
FR0000054;Paulet;Julien;Enregistré;2024-11-15
FR0000055;Lemoine;Mathilde;Non enregistré;
FR0000056;Maréchal;Victor;Enregistré;2024-11-16
FR0000057;Simon;Mélissa;Non enregistré;
FR0000058;Brun;Sacha;Enregistré;2024-11-16
FR0000059;Pichon;Emma;Enregistré;2024-11-17
FR0000060;Adam;Hugo;Non enregistré;
FR0000061;Delaunay;Margaux;Enregistré;2024-11-17
FR0000062;Berger;Paul;Non enregistré;
FR0000063;Bourgeois;Louis;Enregistré;2024-11-18
FR0000064;Giraud;Zoé;Non enregistré;
FR0000065;Blanchard;Léa;Enregistré;2024-11-18
FR0000066;Langlois;Sébastien;Non enregistré;
FR0000067;David;Lana;Enregistré;2024-11-19
FR0000068;Colin;Mélanie;Enregistré;2024-11-19
FR0000069;Bertrand;Nina;Non enregistré;
FR0000070;Martinez;Lucas;Enregistré;2024-11-20
FR0000071;Dupuis;Victor;Non enregistré;
FR0000072;Gonzalez;Léa;Enregistré;2024-11-20
FR0000073;Richard;Margot;Enregistré;2024-11-21
FR0000074;Moreau;Jules;Non enregistré;
FR0000075;Laurent;Alice;Enregistré;2024-11-21
FR0000076;Lemoine;Hugo;Enregistré;2024-11-22
FR0000077;Roussel;Lila;Non enregistré;
FR0000078;Blondel;Gaspard;Enregistré;2024-11-22
FR0000079;Boucher;Aude;Enregistré;2024-11-23
FR0000080;Lecoq;Émilien;Non enregistré;
FR0000081;Caron;Téo;Enregistré;2024-11-23
FR0000082;Renaud;Emma;Non enregistré;
FR0000083;Guérin;Sacha;Enregistré;2024-11-24
FR0000084;Boucher;Théo;Non enregistré;
FR0000085;Vasseur;Inès;Enregistré;2024-11-24
FR0000086;Bouvier;Chloé;Non enregistré;
FR0000087;Pires;Marwan;Enregistré;2024-11-25
FR0000088;Fournier;Clara;Non enregistré;
FR0000089;Gonzalez;Lucas;Enregistré;2024-11-25
FR0000090;Faure;Léon;Enregistré;2024-11-26
FR0000091;Meyer;Sonia;Non enregistré;
FR0000092;Hernandez;Enzo;Enregistré;2024-11-26
FR0000093;Boyer;Maëva;Non enregistré;
FR0000094;Henri;Hugo;Enregistré;2024-11-27
FR0000095;Simon;Louise;Enregistré;2024-11-27
FR0000096;Dupuy;Tina;Non enregistré;
FR0000097;Murray;Samuel;Enregistré;2024-11-28
FR0000098;Renaud;Chloé;Non enregistré;
FR0000099;Blanchard;Matthieu;Enregistré;2024-11-28
FR0000100;Fournier;Léo;Enregistré;2024-11-29
FR0000101;Giraud;Ana;Non enregistré;
FR0000102;Clement;Amandine;Enregistré;2024-11-29
FR0000103;Lemoine;Maëlys;Enregistré;2024-11-30
FR0000104;Pires;Eliott;Non enregistré;
FR0000105;Renaud;Maxime;Enregistré;2024-11-30
FR0000106;Colin;Louise;Non enregistré;
FR0000107;Gonzalez;Paul;Enregistré;2024-12-01
FR0000108;Bernard;Jade;Enregistré;2024-12-01
FR0000109;Meyer;Gabriel;Non enregistré;
FR0000110;Hernandez;Louane;Enregistré;2024-12-02
FR0000111;Faure;Milan;Non enregistré;
FR0000112;Guillaume;Naomi;Enregistré;2024-12-02
FR0000113;Dupuis;Julien;Enregistré;2024-12-03
FR0000114;Henry;Lana;Non enregistré;
FR0000115;Morin;Matéo;Enregistré;2024-12-03
FR0000116;Clement;Yasmine;Enregistré;2024-12-04
FR0000117;Simon;Juliette;Non enregistré;
FR0000118;Boucher;Lucas;Enregistré;2024-12-04
FR0000119;Pires;Sasha;Non enregistré;
FR0000120;Giraud;Esteban;Enregistré;2024-12-05
FR0000121;Martin;Océane;Enregistré;2024-12-05
FR0000122;Renaud;Louise;Non enregistré;
FR0000123;Bernard;Hugo;Enregistré;2024-12-06
FR0000124;Lemoine;Lina;Non enregistré;
FR0000125;Gonzalez;Théo;Enregistré;2024-12-06
FR0000126;Hernandez;Lucie;Enregistré;2024-12-07
FR0000127;Fournier;Victor;Non enregistré;
FR0000128;Caron;Célia;Enregistré;2024-12-07
FR0000129;Renaud;Nathan;Non enregistré;
FR0000130;Blanchard;Marina;Enregistré;2024-12-08
FR0000131;Moreau;Noah;Enregistré;2024-12-08
FR0000132;Pichon;Émilie;Non enregistré;
FR0000133;Dupuy;Simon;Enregistré;2024-12-09
FR0000134;Giraud;Julien;Enregistré;2024-12-09
FR0000135;Leroy;Elsa;Non enregistré;
FR0000136;Martin;Lucas;Enregistré;2024-12-10
FR0000137;Clement;Clément;Non enregistré;
FR0000138;Boucher;Lucie;Enregistré;2024-12-10
FR0000139;Boyer;Victor;Enregistré;2024-12-11
FR0000140;Dupuy;Sarah;Non enregistré;
FR0000141;Giraud;Ethan;Enregistré;2024-12-11
FR0000142;Henry;Louane;Non enregistré;
FR0000143;Caron;Milo;Enregistré;2024-12-12
FR0000144;Renaud;Chloé;Enregistré;2024-12-12
FR0000145;Fournier;Gabriel;Non enregistré;
FR0000146;Blanchard;Élise;Enregistré;2024-12-13
FR0000147;Moreau;Léo;Non enregistré;
FR0000148;Guillaume;Maya;Enregistré;2024-12-13
FR0000149;Pires;Chloé;Non enregistré;
FR0000150;Meyer;Léa;Enregistré;2024-12-14
FR0000151;Faure;Alice;Enregistré;2024-12-14
FR0000152;Martin;Théo;Non enregistré;
FR0000153;Dupuis;Emma;Enregistré;2024-12-15
FR0000154;Gonzalez;Hugo;Enregistré;2024-12-15
FR0000155;Henry;Émile;Non enregistré;
FR0000156;Caron;Mélanie;Enregistré;2024-12-16
FR0000157;Leroy;Samuel;Non enregistré;
FR0000158;Dupuy;Noah;Enregistré;2024-12-16
FR0000159;Bernard;Yasmine;Enregistré;2024-12-17
FR0000160;Guérin;Chloé;Non enregistré;
FR0000161;Giraud;Léon;Enregistré;2024-12-17
FR0000162;Dupuy;Malo;Enregistré;2024-12-18
FR0000163;Meyer;Ophélie;Non enregistré;
FR0000164;Leroy;Félix;Enregistré;2024-12-18
FR0000165;Gonzalez;Naël;Non enregistré;
FR0000166;Caron;Sacha;Enregistré;2024-12-19
FR0000167;Pires;Tobias;Non enregistré;
FR0000168;Blanchard;Aline;Enregistré;2024-12-19
FR0000169;Dupuy;Bastien;Enregistré;2024-12-20
FR0000170;Martin;Éloïse;Non enregistré;
FR0000171;Giraud;Romane;Enregistré;2024-12-20
FR0000172;Fournier;Gabriel;Non enregistré;
FR0000173;Dupuy;Lucas;Enregistré;2024-12-21
FR0000174;Bernard;Louise;Enregistré;2024-12-21
FR0000175;Caron;Lola;Non enregistré;
FR0000176;Meyer;Victor;Enregistré;2024-12-22
FR0000177;Renaud;Mathis;Enregistré;2024-12-22
FR0000178;Guillaume;Matthieu;Non enregistré;
FR0000179;Giraud;Lena;Enregistré;2024-12-23
FR0000180;Leroy;Célia;Enregistré;2024-12-23
FR0000181;Dupuy;Victor;Non enregistré;
FR0000182;Bernard;Éden;Enregistré;2024-12-24
FR0000183;Caron;Nathan;Enregistré;2024-12-24
FR0000184;Gonzalez;Lola;Non enregistré;
FR0000185;Moreau;Simon;Enregistré;2024-12-25
FR0000186;Guérin;Théo;Non enregistré;
FR0000187;Meyer;Margo;Enregistré;2024-12-25
FR0000188;Dupuy;Enzo;Non enregistré;
FR0000189;Martin;Emma;Enregistré;2024-12-26
FR0000190;Lemoine;Clément;Enregistré;2024-12-26
FR0000191;Fournier;Léa;Non enregistré;
FR0000192;Renaud;Sacha;Enregistré;2024-12-27
FR0000193;Guillaume;Lana;Non enregistré;
FR0000194;Dupuy;Léon;Enregistré;2024-12-27
FR0000195;Martin;Nina;Enregistré;2024-12-28
FR0000196;Giraud;Noah;Non enregistré;
FR0000197;Caron;Chloé;Enregistré;2024-12-28
FR0000198;Lemoine;Julien;Non enregistré;
FR0000199;Dupuy;Paul;Enregistré;2024-12-29
FR0000200;Bernard;Léa;Non enregistré;
FR0000201;Gonzalez;Thomas;Enregistré;2024-12-29
FR0000202;Dupuis;Gabriel;Non enregistré;
FR0000203;Leroy;Inès;Enregistré;2024-12-30
FR0000204;Renaud;Élise;Enregistré;2024-12-30
FR0000205;Caron;Lucas;Non enregistré;
FR0000206;Meyer;Sacha;Enregistré;2024-12-31
FR0000207;Lemoine;Milo;Enregistré;2024-12-31
FR0000208;Giraud;Lola;Non enregistré;
FR0000209;Bernard;Hugo;Enregistré;2025-01-01
FR0000210;Dupuy;Marwan;Enregistré;2025-01-01
FR0000211;Pires;Romane;Non enregistré;
FR0000212;Gonzalez;Éloïse;Enregistré;2025-01-02
FR0000213;Faure;Victor;Non enregistré;
FR0000214;Caron;Elliot;Enregistré;2025-01-02
FR0000215;Guillaume;Tina;Enregistré;2025-01-03
FR0000216;Leroy;Inès;Non enregistré;
FR0000217;Renaud;Max;Enregistré;2025-01-03
FR0000218;Dupuis;Mina;Enregistré;2025-01-04
FR0000219;Meyer;Nina;Non enregistré;
FR0000220;Bernard;Théo;Enregistré;2025-01-04
FR0000221;Giraud;Juliette;Enregistré;2025-01-05
FR0000222;Dupuy;Gabriel;Non enregistré;
FR0000223;Caron;Amandine;Enregistré;2025-01-05
FR0000224;Pires;Aline;Non enregistré;
FR0000225;Faure;Victor;Enregistré;2025-01-06
FR0000226;Gonzalez;Elena;Enregistré;2025-01-06
FR0000227;Renaud;Martin;Non enregistré;
FR0000228;Meyer;Paul;Enregistré;2025-01-07
FR0000229;Leroy;Célia;Non enregistré;
FR0000230;Dupuy;Alyssa;Enregistré;2025-01-07
FR0000231;Giraud;Lucas;Enregistré;2025-01-08
FR0000232;Bernard;Maya;Non enregistré;
FR0000233;Renaud;Nathan;Enregistré;2025-01-08
FR0000234;Faure;Léa;Enregistré;2025-01-09
FR0000235;Meyer;Théo;Non enregistré;
FR0000236;Caron;Maxime;Enregistré;2025-01-09
FR0000237;Dupuy;Jules;Enregistré;2025-01-10
FR0000238;Leroy;Clara;Non enregistré;
FR0000239;Giraud;Clément;Enregistré;2025-01-10
FR0000240;Bernard;Julien;Enregistré;2025-01-11
FR0000241;Renaud;Zoé;Non enregistré;
FR0000242;Pires;Milo;Enregistré;2025-01-11
FR0000243;Meyer;Maëlys;Non enregistré;
FR0000244;Faure;Téo;Enregistré;2025-01-12
FR0000245;Leroy;Léo;Enregistré;2025-01-12
FR0000246;Giraud;Élise;Non enregistré;
FR0000247;Dupuy;Sacha;Enregistré;2025-01-13
FR0000248;Renaud;Matthieu;Enregistré;2025-01-13
FR0000249;Bernard;Ethan;Non enregistré;
FR0000250;Caron;Ana;Enregistré;2025-01-14
